   ,     #_
   ~\_  ####_        Amazon Linux 2023
  ~~  \_#####\
  ~~     \###|
  ~~       \#/ ___   https://aws.amazon.com/linux/amazon-linux-2023
   ~~       V~' '->
    ~~~         /
      ~~._.   _/
         _/ _/
       _/m/'
Last login: Wed Jun 14 05:06:11 2023 from 18.237.140.164
[ec2-user@ip-10-1-10-59 ~]$ mysql --version
mysql  Ver 15.1 Distrib 10.5.18-MariaDB, for Linux (x86_64) using  EditLine wrapper
[ec2-user@ip-10-1-10-59 ~]$ mysql -h secondarydatabase.cw7nenwfjawh.us-west-2.rds.amazonaws.com -P 3306 -u admin -p
Enter password: 
Welcome to the MariaDB monitor.  Commands end with ; or \g.
Your MySQL connection id is 9
Server version: 8.0.32 Source distribution

Copyright (c) 2000, 2018, Oracle, MariaDB Corporation Ab and others.

Type 'help;' or '\h' for help. Type '\c' to clear the current input statement.

MySQL [(none)]> show databases;
+--------------------+
| Database           |
+--------------------+
| information_schema |
| mysql              |
| performance_schema |
| sys                |
| udacity            |
+--------------------+
5 rows in set (0.004 sec)

MySQL [(none)]> use udacity;
Reading table information for completion of table and column names
You can turn off this feature to get a quicker startup with -A

Database changed
MySQL [udacity]> show tables;
+-------------------+
| Tables_in_udacity |
+-------------------+
| tutorials_tbl     |
+-------------------+
1 row in set (0.001 sec)

MySQL [udacity]> select * from tutorials_tbl;
+-------------+----------------+-----------------+-----------------+
| tutorial_id | tutorial_title | tutorial_author | submission_date |
+-------------+----------------+-----------------+-----------------+
|           1 | test           | nhuttv2         | 0000-00-00      |
+-------------+----------------+-----------------+-----------------+
1 row in set (0.001 sec)

MySQL [udacity]> insert into turorials_tbl values (2, 'test-insert', 'nhuttv2', '2023-06-14')
    -> ;
ERROR 1146 (42S02): Table 'udacity.turorials_tbl' doesn't exist
MySQL [udacity]> insert into tutorials_tbl values (2, 'test-insert', 'nhuttv2', '2023-06-14');
Query OK, 1 row affected (0.008 sec)

MySQL [udacity]> select * from tutorials_tbl;
+-------------+----------------+-----------------+-----------------+
| tutorial_id | tutorial_title | tutorial_author | submission_date |
+-------------+----------------+-----------------+-----------------+
|           1 | test           | nhuttv2         | 0000-00-00      |
|           2 | test-insert    | nhuttv2         | 2023-06-14      |
+-------------+----------------+-----------------+-----------------+
2 rows in set (0.001 sec)

MySQL [udacity]> 